commodity,date,forecast_price,lower_90,upper_90,is_forecast,last_actual_price,pct_change_from_last
Corn,01/01/2010,3.398330353655419,2.5876149056279822,4.242444814860043,False,3.59,-5.34
Corn,02/01/2010,3.728090712012849,2.890402804718846,4.613514740070705,False,3.59,3.85
Corn,03/01/2010,3.856490200194434,2.959281095000446,4.751865095651849,False,3.59,7.42
Corn,04/01/2010,4.037547405722166,3.1683503894010294,4.900887821981891,False,3.59,12.47
Corn,05/01/2010,4.193204788176095,3.2815581882345093,5.073602909782488,False,3.59,16.8
Corn,06/01/2010,4.3321896600764696,3.508013691155471,5.1655043043230675,False,3.59,20.67
Corn,07/01/2010,4.4699882722748425,3.5600976015380748,5.386474626375169,False,3.59,24.51
Corn,08/01/2010,4.486424474989979,3.562043702373915,5.3607836120607395,False,3.59,24.97
Corn,09/01/2010,4.383815809195168,3.5344755184129917,5.224377145538628,False,3.59,22.11
Corn,10/01/2010,4.414134242212135,3.552824717230104,5.242051210342805,False,3.59,22.96
Corn,11/01/2010,4.5545532400795485,3.630996978053491,5.414304815727401,False,3.59,26.87
Corn,12/01/2010,4.804650342073408,3.945316908952099,5.696019034822465,False,3.59,33.83
Corn,01/01/2011,4.999475353415205,4.13815367810483,5.8143938196884415,False,3.59,39.26
Corn,02/01/2011,5.171599807826304,4.295728975560819,6.06785855417653,False,3.59,44.06
Corn,03/01/2011,5.736211324889398,4.907791921019101,6.648411931534076,False,3.59,59.78
Corn,04/01/2011,5.865022614122869,4.942667924428497,6.74518226045514,False,3.59,63.37
Corn,05/01/2011,5.963162969077478,5.1557582280697805,6.802243206718578,False,3.59,66.1
Corn,06/01/2011,6.011534131085897,5.138103434760513,6.917271366211442,False,3.59,67.45
Corn,07/01/2011,6.124200947562812,5.240645135109437,6.969902219633779,False,3.59,70.59
Corn,08/01/2011,6.064047867209615,5.219098931055636,6.931493602694328,False,3.59,68.91
Corn,09/01/2011,5.864403726813803,5.035176723977649,6.730700348005344,False,3.59,63.35
Corn,10/01/2011,5.930418670374431,5.045832232806537,6.770151976987674,False,3.59,65.19
Corn,11/01/2011,6.010132728813816,5.109629693773425,6.855453655931257,False,3.59,67.41
Corn,12/01/2011,6.349284010643147,5.437035915970091,7.18182434822207,False,3.59,76.86
Corn,01/01/2012,6.323779479773453,5.494631898815998,7.240454445211159,False,3.59,76.15
Corn,02/01/2012,6.132354509744602,5.253012490244213,6.979669515687049,False,3.59,70.82
Corn,03/01/2012,6.496775185859293,5.664649098319849,7.405613242227228,False,3.59,80.97
Corn,04/01/2012,6.774662847018925,5.904669651552681,7.692629938586445,False,3.59,88.71
Corn,05/01/2012,7.009249344298379,6.144217439558141,7.8340501907638815,False,3.59,95.24
Corn,06/01/2012,7.27288324492894,6.370457002914242,8.117652562549665,False,3.59,102.59
Corn,07/01/2012,7.2319894882489155,6.38879296533089,8.130009913293675,False,3.59,101.45
Corn,08/01/2012,7.0060551421419,6.124883450230169,7.871119298129115,False,3.59,95.15
Corn,09/01/2012,6.582726653062342,5.712765180177769,7.386584839702481,False,3.59,83.36
Corn,10/01/2012,6.2046870169731605,5.404497260828068,7.118048567271055,False,3.59,72.83
Corn,11/01/2012,6.268897122616098,5.422648365646743,7.1417153288983615,False,3.59,74.62
Corn,12/01/2012,6.153464175218888,5.287004844569376,7.028598490928874,False,3.59,71.41
Corn,01/01/2013,6.444381214445255,5.5622051918834785,7.297279054431083,False,3.59,79.51
Corn,02/01/2013,6.980633495091751,6.098877798295706,7.905141102497543,False,3.59,94.45
Corn,03/01/2013,6.347351669388092,5.504229816229496,7.206366105573289,False,3.59,76.81
Corn,04/01/2013,6.364121162795559,5.44431687094161,7.247685113536352,False,3.59,77.27
Corn,05/01/2013,6.340081761394023,5.4390213144267925,7.197733393891342,False,3.59,76.6
Corn,06/01/2013,6.301640832707723,5.401309193733458,7.182703733045587,False,3.59,75.53
Corn,07/01/2013,6.17313918457081,5.327495183010459,6.999456362368402,False,3.59,71.95
Corn,08/01/2013,5.881836687507286,4.986889940310851,6.670491632189296,False,3.59,63.84
Corn,09/01/2013,5.446203590415152,4.605161464099733,6.329377580381367,False,3.59,51.7
Corn,10/01/2013,5.134657730383641,4.308352375157123,6.015209152851457,False,3.59,43.03
Corn,11/01/2013,5.067957859467604,4.250136647382598,5.964831757499317,False,3.59,41.17
Corn,12/01/2013,5.026723583861333,4.172922948302064,5.885582176453097,False,3.59,40.02
Corn,01/01/2014,5.108746543078175,4.2343038887430104,5.931208548603169,False,3.59,42.3
Corn,02/01/2014,5.268230510632962,4.409295594927431,6.12950268052796,False,3.59,46.75
Corn,03/01/2014,5.158124571905746,4.2601461685975766,6.097344134630036,False,3.59,43.68
Corn,04/01/2014,5.085793861900137,4.168599960006518,5.986701129992527,False,3.59,41.67
Corn,05/01/2014,4.9876756381799385,4.095919615063639,5.842776565817578,False,3.59,38.93
Corn,06/01/2014,4.859941641294496,4.007722484691233,5.749889460295385,False,3.59,35.37
Corn,07/01/2014,4.740866725653083,3.798491466653859,5.660049182967025,False,3.59,32.06
Corn,08/01/2014,4.4922796419672375,3.611465057901525,5.395421604954668,False,3.59,25.13
Corn,09/01/2014,4.14566169874198,3.2525237741101134,4.926796539865686,False,3.59,15.48
Corn,10/01/2014,3.9507186677023647,3.083074839741472,4.821927994518417,False,3.59,10.05
Corn,11/01/2014,3.891294010692467,2.98278911935068,4.70611311451374,False,3.59,8.39
Corn,12/01/2014,3.926535230066558,3.039338314098309,4.827083028980551,False,3.59,9.37
Corn,01/01/2015,3.904292010599583,3.0533976445524877,4.744680938016542,False,3.59,8.75
Corn,02/01/2015,3.861065292763871,2.9702089932151625,4.7309965901130955,False,3.59,7.55
Corn,03/01/2015,4.113491702199796,3.2426728160267797,4.9715806263520035,False,3.59,14.58
Corn,04/01/2015,4.023725607013858,3.1758650931062826,4.94055579125013,False,3.59,12.08
Corn,05/01/2015,3.978967797666049,3.152642006701902,4.850267291572182,False,3.59,10.83
Corn,06/01/2015,3.9000603908346902,3.0935135022256155,4.721079860300619,False,3.59,8.64
Corn,07/01/2015,3.888324074685268,3.0116420867386373,4.790079004231124,False,3.59,8.31
Corn,08/01/2015,3.766453183188984,2.8504727391245557,4.6501855662870115,False,3.59,4.92
Corn,09/01/2015,3.564429443904404,2.6925728966716465,4.406998078766351,False,3.59,-0.71
Corn,10/01/2015,3.5308461815035685,2.6942097637089,4.311620073755475,False,3.59,-1.65
Corn,11/01/2015,3.504804869474754,2.659860316962869,4.385348690875967,False,3.59,-2.37
Corn,12/01/2015,3.6299549415906736,2.8177028109123463,4.547062677562947,False,3.59,1.11
Corn,01/01/2016,3.5671358346996884,2.719847860684911,4.415830126256985,False,3.59,-0.64
Corn,02/01/2016,3.4133117154090713,2.4907826074437773,4.326611405006502,False,3.59,-4.92
Corn,03/01/2016,3.5715843935134597,2.648204502784875,4.4380206463024825,False,3.59,-0.51
Corn,04/01/2016,3.6756165747453338,2.750363383437783,4.534730592099189,False,3.59,2.38
Corn,05/01/2016,3.75502622081084,2.8777605716090457,4.658617958223476,False,3.59,4.6
Corn,06/01/2016,3.8459089041099825,2.938309613701497,4.715066606511263,False,3.59,7.13
Corn,07/01/2016,3.8220853208152046,2.937951704060152,4.757912944474132,False,3.59,6.46
Corn,08/01/2016,3.700466368386851,2.837629874348083,4.505484372778474,False,3.59,3.08
Corn,09/01/2016,3.474781025859387,2.62700042786969,4.32541951942547,False,3.59,-3.21
Corn,10/01/2016,3.282427969324406,2.407070584674665,4.127844525950201,False,3.59,-8.57
Corn,11/01/2016,3.323955521983094,2.4878980281568803,4.177264290306489,False,3.59,-7.41
Corn,12/01/2016,3.3146487036466254,2.428050682948759,4.202926491787582,False,3.59,-7.67
Corn,01/01/2017,3.52942846166997,2.6237117855116896,4.3928636852439515,False,3.59,-1.69
Corn,02/01/2017,3.888237310100098,3.0112000706008195,4.753699172725801,False,3.59,8.31
Corn,03/01/2017,3.590794132513469,2.746404449962762,4.44091045085528,False,3.59,0.02
Corn,04/01/2017,3.6732470558033854,2.7757762150971694,4.469020906044952,False,3.59,2.32
Corn,05/01/2017,3.7322795930326857,2.850950504061347,4.63218104291088,False,3.59,3.96
Corn,06/01/2017,3.787309788540883,2.914579233200993,4.6510457356417225,False,3.59,5.5
Corn,07/01/2017,3.786484316063192,2.9330182259644686,4.731087323406683,False,3.59,5.47
Corn,08/01/2017,3.685929572671427,2.8093570499443516,4.600750143800458,False,3.59,2.67
Corn,09/01/2017,3.488162671953086,2.637431181659387,4.341839248940434,False,3.59,-2.84
Corn,10/01/2017,3.3600160594591184,2.513510604565758,4.2634034768944025,False,3.59,-6.41
Corn,11/01/2017,3.3921604733453963,2.5178460830611185,4.279973162002135,False,3.59,-5.51
Corn,12/01/2017,3.4403483167819933,2.628611944551977,4.245279808823646,False,3.59,-4.17
Corn,01/01/2018,3.579472570370094,2.7203777586012747,4.449178416540278,False,3.59,-0.29
Corn,02/01/2018,3.7805860848966577,2.9211018716793538,4.60257215833861,False,3.59,5.31
Corn,03/01/2018,3.784007716582991,2.952768937305492,4.634402279510654,False,3.59,5.4
Corn,04/01/2018,3.824896540957955,2.977503049846066,4.727854769215123,False,3.59,6.54
Corn,05/01/2018,3.844422363213403,3.020113597087892,4.7439326356531275,False,3.59,7.09
Corn,06/01/2018,3.844407533464429,3.0119344265767727,4.688377070386023,False,3.59,7.09
Corn,07/01/2018,3.84768429013501,2.9471431683937106,4.693085189340532,False,3.59,7.18
Corn,08/01/2018,3.7461486601340215,2.8307894774284805,4.615079826670464,False,3.59,4.35
Corn,09/01/2018,3.5544170787807747,2.731034054060105,4.448570452902999,False,3.59,-0.99
Corn,10/01/2018,3.481756548881233,2.6149393631458855,4.318382790575783,False,3.59,-3.02
Corn,11/01/2018,3.494776007237504,2.589086051417076,4.340899959537517,False,3.59,-2.65
Corn,12/01/2018,3.592459849087392,2.7310826095303717,4.4798009564158905,False,3.59,0.07
Corn,01/01/2019,3.6423142818987913,2.792532713235816,4.504004634465936,False,3.59,1.46
Corn,02/01/2019,3.6739113478435574,2.868303430487263,4.580434947983255,False,3.59,2.34
Corn,03/01/2019,3.9857184883068726,3.1064436754932023,4.863555289152136,False,3.59,11.02
Corn,04/01/2019,3.979046682253315,3.1332300532342146,4.830557597084947,False,3.59,10.84
Corn,05/01/2019,3.955633968982767,3.089683677732653,4.77771114343252,False,3.59,10.18
Corn,06/01/2019,3.898451820869047,2.9756217075296316,4.723399901341486,False,3.59,8.59
Corn,07/01/2019,3.907378069437758,3.0391291087638876,4.80342177505703,False,3.59,8.84
Corn,08/01/2019,3.8057319344548706,2.878927355100595,4.694496239090799,False,3.59,6.01
Corn,09/01/2019,3.621447109495404,2.7074349409023664,4.406636464866511,False,3.59,0.88
Corn,10/01/2019,3.6064852698632217,2.701034847171246,4.449957395874403,False,3.59,0.46
Corn,11/01/2019,3.5985910544440123,2.709803445682449,4.430125093790668,False,3.59,0.24
Corn,12/01/2019,3.745959790892597,2.86977825531381,4.600521774293953,False,3.59,4.34
Corn,01/01/2020,3.7004192975433288,2.831187512223452,4.585750344188769,False,3.59,3.08
Corn,02/01/2020,3.627877615558483,2.681134864364485,4.464516857633883,False,3.59,1.06
Corn,03/01/2020,3.8818394712524182,2.9698039227924142,4.727330380756597,False,3.59,8.13
Corn,04/01/2020,4.0898407655040225,3.235893812231862,5.0033200938344615,False,3.59,13.92
Corn,05/01/2020,4.272673684913872,3.362017070817759,5.109024834813535,False,3.59,19.02
Corn,06/01/2020,4.476733402910522,3.65349111506918,5.349351681905893,False,3.59,24.7
Corn,07/01/2020,4.546443842135119,3.640328557124068,5.3836192122611735,False,3.59,26.64
Corn,08/01/2020,4.547012835053599,3.66794083846118,5.417990862115502,False,3.59,26.66
Corn,09/01/2020,4.407004818500301,3.548373632788824,5.274158667917631,False,3.59,22.76
Corn,10/01/2020,4.277495643475287,3.380425863832785,5.123106148749558,False,3.59,19.15
Corn,11/01/2020,4.451497689600522,3.587256960294072,5.33084160256538,False,3.59,24.0
Corn,12/01/2020,4.554848310923851,3.707771056381464,5.469608448728419,False,3.59,26.88
Corn,01/01/2021,4.977552530549701,4.089033832593635,5.864518961665548,False,3.59,38.65
Corn,02/01/2021,5.624261748624277,4.691524764714944,6.474608944897593,False,3.59,56.66
Corn,03/01/2021,5.311481319285442,4.421766580681003,6.178945160832896,False,3.59,47.95
Corn,04/01/2021,5.552283672279591,4.687838329786792,6.388981984284193,False,3.59,54.66
Corn,05/01/2021,5.757898475834473,4.878026115523255,6.644485174552732,False,3.59,60.39
Corn,06/01/2021,5.964343626467566,5.140847729831933,6.8407812399953665,False,3.59,66.14
Corn,07/01/2021,6.0801755758700295,5.1732395868026195,6.979880855941643,False,3.59,69.36
Corn,08/01/2021,6.036061212110832,5.217227080356712,6.936091130403912,False,3.59,68.14
Corn,09/01/2021,5.822805493740988,4.946288072139088,6.694774625409013,False,3.59,62.2
Corn,10/01/2021,5.711581166188176,4.814283726295801,6.564697549528791,False,3.59,59.1
Corn,11/01/2021,5.872927117568022,4.9687004737047396,6.720037966724851,False,3.59,63.59
Corn,12/01/2021,6.060670847634996,5.265782267395863,6.963631255744365,False,3.59,68.82
Corn,01/01/2022,6.2472760311596245,5.325559556185924,7.086047328849459,False,3.59,74.02
Corn,02/01/2022,6.536760086827297,5.6749089694775146,7.408390666668066,False,3.59,82.08
Corn,03/01/2022,6.487270329253912,5.594974524960323,7.31163065774712,False,3.59,80.7
Corn,04/01/2022,6.495600262838526,5.630634436162976,7.342250305730221,False,3.59,80.94
Corn,05/01/2022,6.468913251662775,5.630702219238696,7.301784963095986,False,3.59,80.19
Corn,06/01/2022,6.407289003620876,5.534112687564237,7.257732379642176,False,3.59,78.48
Corn,07/01/2022,6.353320153284103,5.442005984930786,7.178614145166598,False,3.59,76.97
Corn,08/01/2022,6.126106391460302,5.3099685708412725,7.00131020189467,False,3.59,70.64
Corn,09/01/2022,5.756280020656433,4.888356761049917,6.637899235009565,False,3.59,60.34
Corn,10/01/2022,5.585458416090762,4.745645553657258,6.473038630707699,False,3.59,55.58
Corn,11/01/2022,5.551430980565913,4.623444616563438,6.482002423095634,False,3.59,54.64
Corn,12/01/2022,5.652185090401982,4.781010130176923,6.482219816244687,False,3.59,57.44
Corn,01/01/2023,5.673833128407045,4.81214523264288,6.517046387965696,False,3.59,58.05
Corn,02/01/2023,5.665994946600417,4.7481130524457775,6.538934491980023,False,3.59,57.83
Corn,03/01/2023,6.09116848813067,5.262936141694596,7.005914743786832,False,3.59,69.67
Corn,04/01/2023,6.019632918040913,5.169185946532952,6.897155206218827,False,3.59,67.68
Corn,05/01/2023,5.925428002619408,5.014553865680755,6.8425625771327,False,3.59,65.05
Corn,06/01/2023,5.780132838572245,4.924102432695711,6.622868088938147,False,3.59,61.01
Corn,07/01/2023,5.735742014215234,4.808831848582734,6.647156246009011,False,3.59,59.77
Corn,08/01/2023,5.528756455857983,4.688397710939527,6.394268197922559,False,3.59,54.0
Corn,09/01/2023,5.20627123564153,4.374387403959584,6.043353591929766,False,3.59,45.02
Corn,10/01/2023,5.1321812002390095,4.220004410034675,5.964512164533413,False,3.59,42.96
Corn,11/01/2023,5.066938360068629,4.18526515824513,5.9774081178593,False,3.59,41.14
Corn,12/01/2023,5.220236948505339,4.401526302597449,6.154227948683668,False,3.59,45.41
Corn,01/01/2024,5.101654632148789,4.224071262358683,5.91627196885414,False,3.59,42.11
Corn,02/01/2024,4.854454182551101,3.931378468248497,5.679955716554717,False,3.59,35.22
Corn,03/01/2024,5.052750876062782,4.226233332207642,5.9069640436525415,False,3.59,40.75
Corn,04/01/2024,5.170250283292709,4.340199461357243,6.051610800882263,False,3.59,44.02
Corn,05/01/2024,5.252417988521996,4.4165485733976455,6.152727297718304,False,3.59,46.31
Corn,06/01/2024,5.348079216390905,4.495145866321486,6.2434338142784735,False,3.59,48.97
Corn,07/01/2024,5.2844900925921205,4.370750117902391,6.208590705474121,False,3.59,47.2
Corn,08/01/2024,5.08566003424688,4.243162742685912,6.030211554784555,False,3.59,41.66
Corn,09/01/2024,4.7464917537839115,3.881080043462273,5.646392807001503,False,3.59,32.21
Corn,10/01/2024,4.4446684237234155,3.581435293732663,5.254074001828486,False,3.59,23.81
Corn,11/01/2024,4.459971695983542,3.6570576842566744,5.339742707376441,False,3.59,24.23
Corn,12/01/2024,4.4079455885013274,3.539619788194222,5.278128729303195,False,3.59,22.78
Corn,01/01/2025,4.650018407351985,3.773193337470998,5.545462385651756,True,3.59,29.53
Corn,02/01/2025,5.074720800233934,4.199083533022453,5.940903360662781,True,3.59,41.36
Corn,03/01/2025,4.64641157815639,3.749653509832426,5.534708478535231,True,3.59,29.43
Corn,04/01/2025,4.69551738843716,3.854259726252248,5.585003121310274,True,3.59,30.79
Corn,05/01/2025,4.714581448483195,3.786014193754687,5.599201398416188,True,3.59,31.33
Corn,06/01/2025,4.725195376271359,3.806936140392863,5.596853163002291,True,3.59,31.62
Soybeans,01/01/2010,9.145652335809622,7.90318408689186,10.445718398858157,False,9.53,-4.03
Soybeans,02/01/2010,9.78331099506194,8.433610929405551,11.085949756042355,False,9.53,2.66
Soybeans,03/01/2010,9.94526229196066,8.600484425998225,11.105669433412183,False,9.53,4.36
Soybeans,04/01/2010,10.185484545164243,8.990938666239764,11.455868327584293,False,9.53,6.88
Soybeans,05/01/2010,10.394336291152042,9.17409029594444,11.729041465288246,False,9.53,9.07
Soybeans,06/01/2010,10.572352398742558,9.332268702100333,11.86940097840076,False,9.53,10.94
Soybeans,07/01/2010,10.71021253966922,9.358332943813508,11.957627091962118,False,9.53,12.38
Soybeans,08/01/2010,10.623547241571682,9.302955949896909,11.921447225152589,False,9.53,11.47
Soybeans,09/01/2010,10.200552875503911,8.966361143223615,11.420057624419677,False,9.53,7.04
Soybeans,10/01/2010,10.138657573796124,8.883361915904441,11.38561076518777,False,9.53,6.39
Soybeans,11/01/2010,10.436927175838042,9.178035174539776,11.67642319668955,False,9.53,9.52
Soybeans,12/01/2010,10.740952579876412,9.47186631698197,12.01574734499546,False,9.53,12.71
Soybeans,01/01/2011,11.013477439477796,9.852860782462557,12.316236342062655,False,9.53,15.57
Soybeans,02/01/2011,11.30829706473113,10.030502408570245,12.60890750696782,False,9.53,18.66
Soybeans,03/01/2011,12.31370731431479,11.002485553712818,13.560014772819136,False,9.53,29.21
Soybeans,04/01/2011,12.387181750032688,11.021271793149005,13.614472448504136,False,9.53,29.98
Soybeans,05/01/2011,12.452288607265045,11.244689355331166,13.707818943662406,False,9.53,30.66
Soybeans,06/01/2011,12.534564151582046,11.203016377944232,13.789486134723347,False,9.53,31.53
Soybeans,07/01/2011,12.67269243697942,11.347336763369183,14.018908333345404,False,9.53,32.98
Soybeans,08/01/2011,12.579708591499877,11.355557963918654,13.905454558154608,False,9.53,32.0
Soybeans,09/01/2011,12.056007795852034,10.81313484447422,13.344454701589576,False,9.53,26.51
Soybeans,10/01/2011,12.054647072841858,10.721710115991543,13.239012249306516,False,9.53,26.49
Soybeans,11/01/2011,12.42173792834738,11.244776975563974,13.737573438677108,False,9.53,30.34
Soybeans,12/01/2011,12.797356326283332,11.62157844148232,14.056579021431055,False,9.53,34.28
Soybeans,01/01/2012,12.845005234948506,11.577733251490026,14.10398908059581,False,9.53,34.78
Soybeans,02/01/2012,12.659939219271212,11.423422512466598,13.892836946547542,False,9.53,32.84
Soybeans,03/01/2012,13.240980593140772,11.874289692455518,14.457845010682552,False,9.53,38.94
Soybeans,04/01/2012,13.891071383165093,12.682396687144996,15.169425799725047,False,9.53,45.76
Soybeans,05/01/2012,14.46062306447504,13.212380912886964,15.803290209480943,False,9.53,51.74
Soybeans,06/01/2012,14.87077927854759,13.551444694701368,16.15251105879277,False,9.53,56.04
Soybeans,07/01/2012,14.92885534792705,13.682410917031664,16.162863471949425,False,9.53,56.65
Soybeans,08/01/2012,14.58719575357832,13.248429845249731,15.889626792200415,False,9.53,53.07
Soybeans,09/01/2012,13.874458803668102,12.569394562298276,15.089688980125514,False,9.53,45.59
Soybeans,10/01/2012,13.451102737664694,12.250783129688042,14.690005505425493,False,9.53,41.14
Soybeans,11/01/2012,13.629911391608273,12.316182313260118,14.902740693863022,False,9.53,43.02
Soybeans,12/01/2012,13.657787437431642,12.44588973466394,14.947538018920504,False,9.53,43.31
Soybeans,01/01/2013,14.272413312560357,12.997753717692468,15.563885671331716,False,9.53,49.76
Soybeans,02/01/2013,15.509125165093868,14.208591274487675,16.814559672206368,False,9.53,62.74
Soybeans,03/01/2013,14.421605683458631,13.176011303832423,15.727297764991896,False,9.53,51.33
Soybeans,04/01/2013,14.678402780357134,13.36510846321343,15.903662251231609,False,9.53,54.02
Soybeans,05/01/2013,14.8648583867591,13.69569590278427,16.201098291956257,False,9.53,55.98
Soybeans,06/01/2013,14.817492612493274,13.545766107988682,16.115419616454304,False,9.53,55.48
Soybeans,07/01/2013,14.606943117854458,13.254151875966352,15.803354149031676,False,9.53,53.27
Soybeans,08/01/2013,14.047552304809658,12.74191353308481,15.243842202074427,False,9.53,47.4
Soybeans,09/01/2013,13.114358937001796,11.91110130007853,14.405871534328565,False,9.53,37.61
Soybeans,10/01/2013,12.586538226812907,11.148734597499692,13.827269061543175,False,9.53,32.07
Soybeans,11/01/2013,12.56056720934585,11.22064137018488,13.81088291333673,False,9.53,31.8
Soybeans,12/01/2013,12.530123447964996,11.304252234452887,13.796692627495087,False,9.53,31.48
Soybeans,01/01/2014,12.730488676581851,11.481824320628212,13.964054843800756,False,9.53,33.58
Soybeans,02/01/2014,13.20109328283204,12.050949802681808,14.462817095629005,False,9.53,38.52
Soybeans,03/01/2014,13.04937315485635,11.781942892696444,14.373760065943584,False,9.53,36.93
Soybeans,04/01/2014,12.958365977410434,11.737840404978025,14.232038191225117,False,9.53,35.97
Soybeans,05/01/2014,12.836112737725555,11.63335187171742,14.196814823936476,False,9.53,34.69
Soybeans,06/01/2014,12.66141294148087,11.455175815144086,13.895329099697916,False,9.53,32.86
Soybeans,07/01/2014,12.452076322145883,11.260260362791133,13.769931994906798,False,9.53,30.66
Soybeans,08/01/2014,11.979585661654092,10.699989562634189,13.157785278540272,False,9.53,25.7
Soybeans,09/01/2014,11.15688718736466,9.884713832597054,12.39490628769381,False,9.53,17.07
Soybeans,10/01/2014,10.766788608341448,9.568188251285427,12.011881499465042,False,9.53,12.98
Soybeans,11/01/2014,10.750876143009734,9.5027351679048,11.950180552283244,False,9.53,12.81
Soybeans,12/01/2014,10.742532223045398,9.428630101973082,12.08625460834178,False,9.53,12.72
Soybeans,01/01/2015,10.68435661793902,9.443552961261355,11.900559854007795,False,9.53,12.11
Soybeans,02/01/2015,10.640677027051836,9.310092730842204,11.901819227854867,False,9.53,11.65
Soybeans,03/01/2015,11.271353744883264,9.963870679909714,12.57636548349684,False,9.53,18.27
Soybeans,04/01/2015,10.99684488927606,9.646512983229718,12.230134405560854,False,9.53,15.39
Soybeans,05/01/2015,10.796304990052558,9.607641289374788,12.040628466677516,False,9.53,13.29
Soybeans,06/01/2015,10.60622400104506,9.423693924431456,11.883005074646796,False,9.53,11.29
Soybeans,07/01/2015,10.474749046481923,9.155195473510949,11.671832346800189,False,9.53,9.91
Soybeans,08/01/2015,10.14985375543636,8.907161228272265,11.380896471202968,False,9.53,6.5
Soybeans,09/01/2015,9.49587687257134,8.211465868592105,10.764788805093652,False,9.53,-0.36
Soybeans,10/01/2015,9.276610948770106,8.041415636552122,10.558420592098605,False,9.53,-2.66
Soybeans,11/01/2015,9.404469904291508,8.150032721633119,10.665299994091056,False,9.53,-1.32
Soybeans,12/01/2015,9.53853608685013,8.403898056949657,10.796048926206849,False,9.53,0.09
Soybeans,01/01/2016,9.422001457559968,8.264661403707334,10.61851043981784,False,9.53,-1.13
Soybeans,02/01/2016,9.14011041829106,7.84187782576469,10.471588052184671,False,9.53,-4.09
Soybeans,03/01/2016,9.420009666518988,8.223526834312906,10.674855329474198,False,9.53,-1.15
Soybeans,04/01/2016,9.732754960377845,8.38787698022656,10.977525924841496,False,9.53,2.13
Soybeans,05/01/2016,9.984504686159214,8.678917873930715,11.309896235588743,False,9.53,4.77
Soybeans,06/01/2016,10.11481188767904,8.854638441170883,11.403653282676354,False,9.53,6.14
Soybeans,07/01/2016,10.05148503531528,8.704505869918007,11.347039441558204,False,9.53,5.47
Soybeans,08/01/2016,9.71911962484093,8.49172047219665,10.9611620581449,False,9.53,1.98
Soybeans,09/01/2016,9.148325612237524,7.864045647389461,10.46262558112001,False,9.53,-4.0
Soybeans,10/01/2016,8.780470874431527,7.544140054773583,9.943631311140766,False,9.53,-7.86
Soybeans,11/01/2016,8.805617619801568,7.6074954202935325,10.026880044317917,False,9.53,-7.6
Soybeans,12/01/2016,8.828128192983343,7.587751201598443,10.076749666212711,False,9.53,-7.36
Soybeans,01/01/2017,9.230306461384748,7.884436259153611,10.434711655259948,False,9.53,-3.14
Soybeans,02/01/2017,10.035477110032389,8.797438894989858,11.355305494409087,False,9.53,5.3
Soybeans,03/01/2017,9.33631049780226,8.090542265829095,10.559777788306397,False,9.53,-2.03
Soybeans,04/01/2017,9.507702053336551,8.255441716302789,10.804706940745476,False,9.53,-0.23
Soybeans,05/01/2017,9.633555653486916,8.326128250216561,10.805672403601294,False,9.53,1.09
Soybeans,06/01/2017,9.681225709721234,8.411807535150379,10.962769690382425,False,9.53,1.59
Soybeans,07/01/2017,9.62011898420466,8.333036614544447,10.790411694322955,False,9.53,0.95
Soybeans,08/01/2017,9.329432186507654,8.107465151031082,10.753379156851205,False,9.53,-2.1
Soybeans,09/01/2017,8.783946826812658,7.495814964624366,9.959004297335882,False,9.53,-7.83
Soybeans,10/01/2017,8.501026093107045,7.2359270854691795,9.713461357734651,False,9.53,-10.8
Soybeans,11/01/2017,8.558032741732704,7.20566902687493,9.731801830474268,False,9.53,-10.2
Soybeans,12/01/2017,8.617874577133655,7.326765105484717,9.908285036982347,False,9.53,-9.57
Soybeans,01/01/2018,8.842487691347369,7.534700663780972,10.12617768645866,False,9.53,-7.21
Soybeans,02/01/2018,9.26179889995899,8.086522353947382,10.533215085819023,False,9.53,-2.81
Soybeans,03/01/2018,9.240016210009514,8.003458258305258,10.61324751885082,False,9.53,-3.04
Soybeans,04/01/2018,9.27109681985016,7.990958321592007,10.514391102925504,False,9.53,-2.72
Soybeans,05/01/2018,9.277734209259387,8.036503784131254,10.557053831972228,False,9.53,-2.65
Soybeans,06/01/2018,9.25005429758368,7.985270431539124,10.596751570901043,False,9.53,-2.94
Soybeans,07/01/2018,9.193603006995968,8.006038306278016,10.437260973705984,False,9.53,-3.53
Soybeans,08/01/2018,8.943420893173036,7.691619112053566,10.162766382890494,False,9.53,-6.16
Soybeans,09/01/2018,8.423838975774059,7.244667468849907,9.679084159815371,False,9.53,-11.61
Soybeans,10/01/2018,8.220263396661656,6.897067566884191,9.4963438036716,False,9.53,-13.74
Soybeans,11/01/2018,8.304782375226612,6.9608157493204,9.562348446353132,False,9.53,-12.86
Soybeans,12/01/2018,8.394656670246235,7.182152006778392,9.702562705454293,False,9.53,-11.91
Soybeans,01/01/2019,8.451245051445303,7.178872149113795,9.736721732168837,False,9.53,-11.32
Soybeans,02/01/2019,8.521568512095918,7.24057986856268,9.832269170660672,False,9.53,-10.58
Soybeans,03/01/2019,9.130073992470424,7.889209363765407,10.426050780660027,False,9.53,-4.2
Soybeans,04/01/2019,9.022934212237978,7.784625363393417,10.333566279895482,False,9.53,-5.32
Soybeans,05/01/2019,8.91746282845673,7.677267831443533,10.17180671522923,False,9.53,-6.43
Soybeans,06/01/2019,8.821666632683641,7.57751643797469,10.08980439073276,False,9.53,-7.43
Soybeans,07/01/2019,8.77203149382466,7.407623329731617,10.011412806927613,False,9.53,-7.95
Soybeans,08/01/2019,8.63558103051324,7.455236573151248,9.984399677981749,False,9.53,-9.39
Soybeans,09/01/2019,8.208815743524239,6.88463475692454,9.623553517173503,False,9.53,-13.86
Soybeans,10/01/2019,8.144475771700453,6.939495777832865,9.466829355538968,False,9.53,-14.54
Soybeans,11/01/2019,8.326681140603563,7.027168176403966,9.573765381575669,False,9.53,-12.63
Soybeans,12/01/2019,8.514496833940866,7.228025129353642,9.738931076472095,False,9.53,-10.66
Soybeans,01/01/2020,8.481487410592637,7.250739177805127,9.681071005175902,False,9.53,-11.0
Soybeans,02/01/2020,8.415904730790722,7.193076340980358,9.630892432288592,False,9.53,-11.69
Soybeans,03/01/2020,8.856240914621695,7.496693023968088,10.154756004883057,False,9.53,-7.07
Soybeans,04/01/2020,9.350280288247903,8.069495000554035,10.604889719627089,False,9.53,-1.89
Soybeans,05/01/2020,9.79191348446584,8.562118739704335,11.054021533429822,False,9.53,2.75
Soybeans,06/01/2020,10.13011633563642,8.86645652126575,11.410045294198769,False,9.53,6.3
Soybeans,07/01/2020,10.270281922323608,9.025423548766362,11.590973349927465,False,9.53,7.77
Soybeans,08/01/2020,10.271495133941226,9.03370585751228,11.483202717073423,False,9.53,7.78
Soybeans,09/01/2020,9.991071281063748,8.632125213158265,11.268055541508822,False,9.53,4.84
Soybeans,10/01/2020,9.891022119409302,8.615111595597861,11.1825803199465,False,9.53,3.79
Soybeans,11/01/2020,10.233933079880044,8.993043386622208,11.511253303977584,False,9.53,7.39
Soybeans,12/01/2020,10.567210698445813,9.277968425447488,11.75724261837591,False,9.53,10.88
Soybeans,01/01/2021,11.382499728172416,10.061682843077485,12.720296405567298,False,9.53,19.44
Soybeans,02/01/2021,12.740731694060502,11.341070173909976,14.006178534704777,False,9.53,33.69
Soybeans,03/01/2021,12.161938798930942,10.88325359035684,13.405234127514325,False,9.53,27.62
Soybeans,04/01/2021,12.735541973078536,11.40821203825174,13.94638849515947,False,9.53,33.64
Soybeans,05/01/2021,13.24982308176021,11.941556638919812,14.518709038273949,False,9.53,39.03
Soybeans,06/01/2021,13.676658285668736,12.44521151449176,14.885154186243234,False,9.53,43.51
Soybeans,07/01/2021,13.9399553610293,12.55586831986306,15.169862537596288,False,9.53,46.27
Soybeans,08/01/2021,13.871336559032391,12.62202289209915,15.1211171312156,False,9.53,45.55
Soybeans,09/01/2021,13.39443446963295,12.047598264928885,14.63494372324968,False,9.53,40.55
Soybeans,10/01/2021,13.27797873858372,11.967978712428298,14.553834611859957,False,9.53,39.33
Soybeans,11/01/2021,13.696777424188472,12.453280992330445,14.957568230497964,False,9.53,43.72
Soybeans,12/01/2021,14.11598411460308,12.91897538383213,15.34793745433794,False,9.53,48.12
Soybeans,01/01/2022,14.440395453762076,13.169612373643965,15.617829345961644,False,9.53,51.53
Soybeans,02/01/2022,15.079292646896636,13.85613456518774,16.287318234127905,False,9.53,58.23
Soybeans,03/01/2022,15.00223577290496,13.816601948165278,16.335208809662156,False,9.53,57.42
Soybeans,04/01/2022,15.006202467071692,13.741811585146245,16.2437656464523,False,9.53,57.46
Soybeans,05/01/2022,14.971620978581036,13.715796829783846,16.254173348882052,False,9.53,57.1
Soybeans,06/01/2022,14.879949460948184,13.602695584994182,16.149299510229632,False,9.53,56.14
Soybeans,07/01/2022,14.743630523144144,13.55113932414112,16.050003231276264,False,9.53,54.71
Soybeans,08/01/2022,14.296366908663083,13.01926331769698,15.50066481628344,False,9.53,50.01
Soybeans,09/01/2022,13.422128148306513,12.141256609908174,14.765557524016671,False,9.53,40.84
Soybeans,10/01/2022,13.05624594339036,11.777853365655352,14.309243077067944,False,9.53,37.0
Soybeans,11/01/2022,13.146856768150684,11.918149524250122,14.470197617600762,False,9.53,37.95
Soybeans,12/01/2022,13.246164426451545,12.029419843046051,14.493373453799926,False,9.53,38.99
Soybeans,01/01/2023,13.290455767858864,11.945351603707826,14.655981609917962,False,9.53,39.46
Soybeans,02/01/2023,13.355358520789828,12.082806412032232,14.649043546049931,False,9.53,40.14
Soybeans,03/01/2023,14.264529477696952,12.953665960836677,15.53017543317588,False,9.53,49.68
Soybeans,04/01/2023,14.048122013375394,12.802288487762024,15.358594285309684,False,9.53,47.41
Soybeans,05/01/2023,13.83670881097169,12.56686103669206,15.118383497612776,False,9.53,45.19
Soybeans,06/01/2023,13.63948538916824,12.341985470001596,14.87940321328538,False,9.53,43.12
Soybeans,07/01/2023,13.51567014402728,12.144315709921104,14.736242073205052,False,9.53,41.82
Soybeans,08/01/2023,13.142729046850397,11.8456273594279,14.35837166876432,False,9.53,37.91
Soybeans,09/01/2023,12.340146291488209,10.931485929219487,13.576560447711396,False,9.53,29.49
Soybeans,10/01/2023,12.09792210402046,10.869302672787407,13.327048407747668,False,9.53,26.95
Soybeans,11/01/2023,12.216390026155898,10.946505134208795,13.498155186343626,False,9.53,28.19
Soybeans,12/01/2023,12.342842123126426,11.103171789956477,13.64422987599527,False,9.53,29.52
Soybeans,01/01/2024,12.143035484655387,10.823376307134822,13.374356890831644,False,9.53,27.42
Soybeans,02/01/2024,11.731868381754945,10.44124088692205,12.990781657252771,False,9.53,23.1
Soybeans,03/01/2024,12.044681541543165,10.798620509509869,13.245940630157593,False,9.53,26.39
Soybeans,04/01/2024,12.388932527916657,11.13566018389119,13.561170590799586,False,9.53,30.0
Soybeans,05/01/2024,12.65381913924233,11.423146100456178,13.948779704151637,False,9.53,32.78
Soybeans,06/01/2024,12.760437526016558,11.443156251051336,14.08827176669281,False,9.53,33.9
Soybeans,07/01/2024,12.623918294370268,11.345047567203794,13.853673181156918,False,9.53,32.47
Soybeans,08/01/2024,12.149562499587583,10.915251867690628,13.44507046692908,False,9.53,27.49
Soybeans,09/01/2024,11.382108704874517,10.157731870260694,12.571869758022872,False,9.53,19.43
Soybeans,10/01/2024,10.874038653303144,9.53149249217218,12.043505658689195,False,9.53,14.1
Soybeans,11/01/2024,10.852633140845109,9.547036514279942,11.979080751007782,False,9.53,13.88
Soybeans,12/01/2024,10.829076015190443,9.458186867860167,12.071354836510634,False,9.53,13.63
Soybeans,01/01/2025,11.26663828663166,9.994915570257191,12.450251391518742,True,9.53,18.22
Soybeans,02/01/2025,12.18841698278455,10.97279619514843,13.43236438950123,True,9.53,27.9
Soybeans,03/01/2025,11.287666207961012,10.1038650131588,12.589986532260497,True,9.53,18.44
Soybeans,04/01/2025,11.436358953000193,10.15722299229545,12.66946846088459,True,9.53,20.0
Soybeans,05/01/2025,11.529996331112429,10.334859973941429,12.776519673848329,True,9.53,20.99
Soybeans,06/01/2025,11.526703893472206,10.157306636985364,12.783532307086857,True,9.53,20.95
Wheat,01/01/2010,4.60178192231058,3.714817689134498,5.464952462446934,False,5.21,-11.67
Wheat,02/01/2010,4.904712814656204,3.9607218915392015,5.798877768561711,False,5.21,-5.86
Wheat,03/01/2010,5.013696411778834,4.1564111713225635,5.859623438298376,False,5.21,-3.77
Wheat,04/01/2010,5.136878758248732,4.265958029473,6.0642229529061975,False,5.21,-1.4
Wheat,05/01/2010,5.3434206734503995,4.5240373288859725,6.23773577222469,False,5.21,2.56
Wheat,06/01/2010,5.321716316132838,4.449981275383866,6.207362280573197,False,5.21,2.14
Wheat,07/01/2010,5.367481279519212,4.467192570589767,6.290014712215109,False,5.21,3.02
Wheat,08/01/2010,5.447974677534005,4.597123105487141,6.36215456000201,False,5.21,4.57
Wheat,09/01/2010,5.570043151811011,4.7196166542676234,6.472442427085372,False,5.21,6.91
Wheat,10/01/2010,5.831139388775947,4.921311172337833,6.692578137193688,False,5.21,11.92
Wheat,11/01/2010,5.918649930650146,5.050605815635673,6.782982288920688,False,5.21,13.6
Wheat,12/01/2010,6.178049398448216,5.314354883290014,7.0735644972604685,False,5.21,18.58
Wheat,01/01/2011,6.305119542807687,5.377276364360055,7.190100753136103,False,5.21,21.02
Wheat,02/01/2011,6.369175793259463,5.423801820491148,7.234575263146633,False,5.21,22.25
Wheat,03/01/2011,6.894582736279641,5.94169029587081,7.811973333984753,False,5.21,32.33
Wheat,04/01/2011,6.871496931195485,6.05505857135364,7.7365888935275136,False,5.21,31.89
Wheat,05/01/2011,7.066876183126448,6.135725862131623,7.947993768220808,False,5.21,35.64
Wheat,06/01/2011,6.867188670160391,6.0201498355790095,7.824096077643474,False,5.21,31.81
Wheat,07/01/2011,6.822761960099988,5.990530897988019,7.733416142997479,False,5.21,30.96
Wheat,08/01/2011,6.819752291405634,5.992246986415257,7.714330592869882,False,5.21,30.9
Wheat,09/01/2011,6.853854070029736,5.959570073941293,7.776952788636552,False,5.21,31.55
Wheat,10/01/2011,7.168873884183745,6.222984895417267,8.080961148220762,False,5.21,37.6
Wheat,11/01/2011,7.100999365085849,6.263757317345558,8.00408000402496,False,5.21,36.3
Wheat,12/01/2011,7.424149318947655,6.58065967049192,8.280733097571328,False,5.21,42.5
Wheat,01/01/2012,7.352484789999033,6.4480141223455405,8.209920015223194,False,5.21,41.12
Wheat,02/01/2012,7.03567886234692,6.186659088393119,7.904400108264842,False,5.21,35.04
Wheat,03/01/2012,7.314841250221486,6.430400487150625,8.207583779347395,False,5.21,40.4
Wheat,04/01/2012,7.577505002650584,6.7127993480792965,8.37908188770335,False,5.21,45.44
Wheat,05/01/2012,7.738009468452142,6.845832654227993,8.668648796013596,False,5.21,48.52
Wheat,06/01/2012,7.777117276847105,6.913989385503619,8.639391802850037,False,5.21,49.27
Wheat,07/01/2012,7.626852011117637,6.723639188911524,8.471083377913306,False,5.21,46.39
Wheat,08/01/2012,7.5266033282525076,6.692444355478336,8.351611819827658,False,5.21,44.46
Wheat,09/01/2012,7.524576297623926,6.62918710533177,8.457010465949585,False,5.21,44.43
Wheat,10/01/2012,7.47419449736726,6.637048585429073,8.338937129398785,False,5.21,43.46
Wheat,11/01/2012,7.547956154576584,6.654752814867671,8.49267599688167,False,5.21,44.87
Wheat,12/01/2012,7.377439927424949,6.546622193707806,8.255684001242864,False,5.21,41.6
Wheat,01/01/2013,7.579623600208952,6.714052391691206,8.46292217950853,False,5.21,45.48
Wheat,02/01/2013,8.081502786215996,7.248353793968155,8.938496315167177,False,5.21,55.12
Wheat,03/01/2013,7.461294877194562,6.546372880292333,8.2703979258198,False,5.21,43.21
Wheat,04/01/2013,7.475482999324457,6.608456857856141,8.352329720329534,False,5.21,43.48
Wheat,05/01/2013,7.502348970773259,6.567290787639367,8.348838386437933,False,5.21,44.0
Wheat,06/01/2013,7.289215202222293,6.403969786351956,8.201723190466163,False,5.21,39.91
Wheat,07/01/2013,7.068798866699397,6.225793185142268,7.982021333532092,False,5.21,35.68
Wheat,08/01/2013,6.894799605074466,6.017576543441353,7.7775783011431345,False,5.21,32.34
Wheat,09/01/2013,6.794744272113231,5.904051387347112,7.682563614204855,False,5.21,30.42
Wheat,10/01/2013,6.761862876354927,5.821924156441857,7.629451260408096,False,5.21,29.79
Wheat,11/01/2013,6.676098280372001,5.772352651593793,7.582424726241927,False,5.21,28.14
Wheat,12/01/2013,6.61740639800519,5.775004239435339,7.54387395504738,False,5.21,27.01
Wheat,01/01/2014,6.65701601381248,5.781319267688878,7.548221306966925,False,5.21,27.77
Wheat,02/01/2014,6.789674870589471,5.934955881449018,7.61942466424899,False,5.21,30.32
Wheat,03/01/2014,6.674594879903102,5.814014145583105,7.565481767875651,False,5.21,28.11
Wheat,04/01/2014,6.5537028443128795,5.685488926954736,7.437401236876565,False,5.21,25.79
Wheat,05/01/2014,6.546487871041684,5.64713755640086,7.428480691706519,False,5.21,25.65
Wheat,06/01/2014,6.256448895200169,5.404402316981247,7.195705344251783,False,5.21,20.09
Wheat,07/01/2014,6.066740801077771,5.199597784379071,6.9363205893741915,False,5.21,16.44
Wheat,08/01/2014,5.915501849577328,5.0261844609718604,6.756535993927333,False,5.21,13.54
Wheat,09/01/2014,5.813060187721006,4.9161576182778415,6.6484278920532445,False,5.21,11.58
Wheat,10/01/2014,5.859167943889841,4.980612188412023,6.713833898880109,False,5.21,12.46
Wheat,11/01/2014,5.721033275538328,4.843814689836237,6.572638096289422,False,5.21,9.81
Wheat,12/01/2014,5.754094490980403,4.802200268333792,6.579301787136904,False,5.21,10.44
Wheat,01/01/2015,5.673757302369265,4.7675331442511615,6.5752792140945475,False,5.21,8.9
Wheat,02/01/2015,5.538449764590417,4.685253462944849,6.374413357656414,False,5.21,6.3
Wheat,03/01/2015,5.813493752316968,4.921428679131991,6.753620743834664,False,5.21,11.58
Wheat,04/01/2015,5.600502162577359,4.704222330931541,6.501878597036491,False,5.21,7.5
Wheat,05/01/2015,5.574073370051728,4.695659530679178,6.4003497250066905,False,5.21,6.99
Wheat,06/01/2015,5.236726052800874,4.333517641650104,6.0768267989541975,False,5.21,0.51
Wheat,07/01/2015,5.075823587313777,4.20176164538001,5.940762390907103,False,5.21,-2.58
Wheat,08/01/2015,4.944846349512769,4.085411605237271,5.819923340573614,False,5.21,-5.09
Wheat,09/01/2015,4.842635158463008,4.012045841464011,5.747351539887075,False,5.21,-7.05
Wheat,10/01/2015,4.9390921138811565,4.068819261244683,5.896236541474807,False,5.21,-5.2
Wheat,11/01/2015,4.777132533587852,3.924622851910085,5.667581297394694,False,5.21,-8.31
Wheat,12/01/2015,4.880082994793404,4.012770555871929,5.7509176152581,False,5.21,-6.33
Wheat,01/01/2016,4.723444067429704,3.7925193941727873,5.578542095635078,False,5.21,-9.34
Wheat,02/01/2016,4.416760917198613,3.4800460382320915,5.2839469321266455,False,5.21,-15.23
Wheat,03/01/2016,4.493199204597555,3.665180320028743,5.361217412832387,False,5.21,-13.76
Wheat,04/01/2016,4.569030707438991,3.696540360974016,5.438123202220134,False,5.21,-12.3
Wheat,05/01/2016,4.582587321115319,3.7005167669913743,5.461137574186875,False,5.21,-12.04
Wheat,06/01/2016,4.520617834550693,3.667755717091919,5.409059840720883,False,5.21,-13.23
Wheat,07/01/2016,4.379929006314209,3.5006007400443355,5.243496359800849,False,5.21,-15.93
Wheat,08/01/2016,4.268112517790864,3.4103158533388274,5.188604506671501,False,5.21,-18.08
Wheat,09/01/2016,4.212885075565688,3.302596806455053,5.122673904696944,False,5.21,-19.14
Wheat,10/01/2016,4.180510310790625,3.2519588719615773,5.14130208931277,False,5.21,-19.76
Wheat,11/01/2016,4.217430957086186,3.3376148534075116,5.080196565610199,False,5.21,-19.05
Wheat,12/01/2016,4.15943563513373,3.3124605384835486,5.054637782838864,False,5.21,-20.16
Wheat,01/01/2017,4.313711111275896,3.4675238811309836,5.213673032355083,False,5.21,-17.2
Wheat,02/01/2017,4.643074632831291,3.790191955383144,5.571620582454046,False,5.21,-10.88
Wheat,03/01/2017,4.323854788457968,3.436178599946071,5.139762104893106,False,5.21,-17.01
Wheat,04/01/2017,4.394001378073283,3.536069024715552,5.298368377433531,False,5.21,-15.66
Wheat,05/01/2017,4.471043815556272,3.604142847834888,5.3340867879677685,False,5.21,-14.18
Wheat,06/01/2017,4.415530612005316,3.542337428142434,5.301475675491084,False,5.21,-15.25
Wheat,07/01/2017,4.350649991729445,3.449295817222109,5.2206291824608595,False,5.21,-16.49
Wheat,08/01/2017,4.314339538647334,3.4582185793670375,5.157667182097301,False,5.21,-17.19
Wheat,09/01/2017,4.3231443332264075,3.495431123789567,5.24977032865696,False,5.21,-17.02
Wheat,10/01/2017,4.3726269445026,3.459168795887684,5.231852846701587,False,5.21,-16.07
Wheat,11/01/2017,4.3907149485281005,3.508228264704179,5.266865839076036,False,5.21,-15.73
Wheat,12/01/2017,4.424375653989851,3.533964989648377,5.369947679132129,False,5.21,-15.08
Wheat,01/01/2018,4.527819319177589,3.660107557528291,5.452367556136465,False,5.21,-13.09
Wheat,02/01/2018,4.698526126379284,3.839320932871802,5.552496107983137,False,5.21,-9.82
Wheat,03/01/2018,4.692085336333836,3.7958016388197953,5.528706153222765,False,5.21,-9.94
Wheat,04/01/2018,4.688631900537593,3.8065595867117823,5.58236522376445,False,5.21,-10.01
Wheat,05/01/2018,4.764317285940653,3.808847336159776,5.582483043937646,False,5.21,-8.55
Wheat,06/01/2018,4.635164209780669,3.697010492253701,5.53888755622208,False,5.21,-11.03
Wheat,07/01/2018,4.573533290722164,3.725712737720934,5.4754196096162655,False,5.21,-12.22
Wheat,08/01/2018,4.541167243868474,3.7192773792291143,5.400756415607642,False,5.21,-12.84
Wheat,09/01/2018,4.54497924989222,3.7007799763900247,5.50064178901013,False,5.21,-12.76
Wheat,10/01/2018,4.663673913669663,3.8050078735508865,5.563792745560861,False,5.21,-10.49
Wheat,11/01/2018,4.639443058524124,3.766164703915411,5.535280550798016,False,5.21,-10.95
Wheat,12/01/2018,4.752053658197183,3.850032896921054,5.688500552981758,False,5.21,-8.79
Wheat,01/01/2019,4.7756444805568705,3.894517974627167,5.654625168976431,False,5.21,-8.34
Wheat,02/01/2019,4.752154105929568,3.803074641658689,5.709506675773439,False,5.21,-8.79
Wheat,03/01/2019,5.076309450956343,4.142684642796636,5.9340696447904095,False,5.21,-2.57
Wheat,04/01/2019,4.987088848148863,4.111397171619625,5.900078010004403,False,5.21,-4.28
Wheat,05/01/2019,5.05959699400996,4.144030437634237,5.919084477462523,False,5.21,-2.89
Wheat,06/01/2019,4.849512554275815,3.9840831552220246,5.708474915861659,False,5.21,-6.92
Wheat,07/01/2019,4.7935118775402366,3.912305126127282,5.660383340613582,False,5.21,-7.99
Wheat,08/01/2019,4.76643783881707,3.914863097856516,5.62314359609263,False,5.21,-8.51
Wheat,09/01/2019,4.765661711726937,3.8793549545469226,5.695443074124346,False,5.21,-8.53
Wheat,10/01/2019,4.960250760363032,4.093849507924285,5.814276571547221,False,5.21,-4.79
Wheat,11/01/2019,4.888715881908661,4.020264115005281,5.752956595556969,False,5.21,-6.17
Wheat,12/01/2019,5.086778622151026,4.256525908089862,5.910883482367438,False,5.21,-2.37
Wheat,01/01/2020,5.018974093446882,4.172199325548407,5.8694321971597105,False,5.21,-3.67
Wheat,02/01/2020,4.822934009773087,3.9433208860137654,5.70307208945169,False,5.21,-7.43
Wheat,03/01/2020,5.033665623266367,4.1899060220876425,5.955250184333974,False,5.21,-3.38
Wheat,04/01/2020,5.235539273083178,4.320283533156946,6.109960337577008,False,5.21,0.49
Wheat,05/01/2020,5.36699470848395,4.494169896291405,6.227367206727932,False,5.21,3.01
Wheat,06/01/2020,5.415148195123248,4.571933692743511,6.2937425628147805,False,5.21,3.94
Wheat,07/01/2020,5.362303524145267,4.530689602809539,6.272888416797333,False,5.21,2.92
Wheat,08/01/2020,5.446465489917526,4.557499770579818,6.320406728561821,False,5.21,4.54
Wheat,09/01/2020,5.599164879484658,4.696088167021444,6.538475770153875,False,5.21,7.47
Wheat,10/01/2020,5.709457363596805,4.826360254392138,6.5437325827354975,False,5.21,9.59
Wheat,11/01/2020,5.919590830121182,5.03562517172187,6.801036234150349,False,5.21,13.62
Wheat,12/01/2020,5.9905060757234185,5.1121542298166425,6.857648978102026,False,5.21,14.98
Wheat,01/01/2021,6.375806486289594,5.508606703468053,7.241097880450867,False,5.21,22.38
Wheat,02/01/2021,7.062313260626426,6.197904594495914,7.935069263174635,False,5.21,35.55
Wheat,03/01/2021,6.744614375729452,5.9130536884582545,7.658132754567851,False,5.21,29.46
Wheat,04/01/2021,7.0106313152293245,6.099432231343219,7.865698170731894,False,5.21,34.56
Wheat,05/01/2021,7.286264247834119,6.396413834930237,8.082176765832568,False,5.21,39.85
Wheat,06/01/2021,7.350139218213179,6.466257356313502,8.2430461574558,False,5.21,41.08
Wheat,07/01/2021,7.387896968347461,6.46683501031553,8.316729150122821,False,5.21,41.8
Wheat,08/01/2021,7.474173745353143,6.594873892998373,8.367292829809863,False,5.21,43.46
Wheat,09/01/2021,7.636235356623838,6.744806092733922,8.529098942483449,False,5.21,46.57
Wheat,10/01/2021,7.865980777061022,7.010021342893978,8.683753050478439,False,5.21,50.98
Wheat,11/01/2021,8.044825541337895,7.116661106757983,8.886926464019794,False,5.21,54.41
Wheat,12/01/2021,8.247836779290632,7.384529169805946,9.17482414503508,False,5.21,58.31
Wheat,01/01/2022,8.326497241876892,7.42267165084922,9.164887379813855,False,5.21,59.82
Wheat,02/01/2022,8.523055223940473,7.706310368037728,9.412450553437369,False,5.21,63.59
Wheat,03/01/2022,8.406454345468552,7.579242267150422,9.27893608297514,False,5.21,61.35
Wheat,04/01/2022,8.285225416931809,7.449116380790838,9.102708851128495,False,5.21,59.03
Wheat,05/01/2022,8.306874973351292,7.427873738897053,9.21845169432276,False,5.21,59.44
Wheat,06/01/2022,7.970024941063729,7.086635774685493,8.848236596615306,False,5.21,52.98
Wheat,07/01/2022,7.7583937738507744,6.783623725935056,8.650146668042574,False,5.21,48.91
Wheat,08/01/2022,7.596059037967396,6.680658632067499,8.48798794661171,False,5.21,45.8
Wheat,09/01/2022,7.495896557065821,6.6133967555784094,8.382761145353378,False,5.21,43.88
Wheat,10/01/2022,7.586807211373993,6.686562805977432,8.451247042403883,False,5.21,45.62
Wheat,11/01/2022,7.440567089616354,6.536263431571065,8.31613061885893,False,5.21,42.81
Wheat,12/01/2022,7.516221070854881,6.653673238632549,8.42120949460035,False,5.21,44.27
Wheat,01/01/2023,7.445512235930536,6.630179883572261,8.370941953699518,False,5.21,42.91
Wheat,02/01/2023,7.302358215533082,6.418862461046145,8.186189857570431,False,5.21,40.16
Wheat,03/01/2023,7.698553227406053,6.8035490725397985,8.52317901801603,False,5.21,47.76
Wheat,04/01/2023,7.453326072478692,6.6000973581889975,8.325691765186303,False,5.21,43.06
Wheat,05/01/2023,7.45470789439732,6.527121549984797,8.379329810695706,False,5.21,43.08
Wheat,06/01/2023,7.040129207857799,6.1539753473075685,7.8782250462762144,False,5.21,35.13
Wheat,07/01/2023,6.859213648967382,5.979420218371587,7.756823576787485,False,5.21,31.65
Wheat,08/01/2023,6.718990956184599,5.8250411212580495,7.550136353826823,False,5.21,28.96
Wheat,09/01/2023,6.617310817055671,5.833679475242691,7.473514126564634,False,5.21,27.01
Wheat,10/01/2023,6.7870492962792195,5.867348056099276,7.60691053829485,False,5.21,30.27
Wheat,11/01/2023,6.58772584287402,5.695710631770747,7.413185231706944,False,5.21,26.44
Wheat,12/01/2023,6.75333416620864,5.861193513820542,7.62819126592353,False,5.21,29.62
Wheat,01/01/2024,6.560910780373106,5.675370081058228,7.5079117495327505,False,5.21,25.93
Wheat,02/01/2024,6.158382318127999,5.293987964081175,7.065122910574077,False,5.21,18.2
Wheat,03/01/2024,6.2879554606675745,5.456351499379742,7.154797115942934,False,5.21,20.69
Wheat,04/01/2024,6.388556309131016,5.4387835224749415,7.230208169240103,False,5.21,22.62
Wheat,05/01/2024,6.402038099162688,5.546115859048825,7.258022724496152,False,5.21,22.88
Wheat,06/01/2024,6.309763965267711,5.466733777521541,7.229986488145948,False,5.21,21.11
Wheat,07/01/2024,6.107931816007222,5.176747331100211,7.02588502639606,False,5.21,17.23
Wheat,08/01/2024,5.94637837812033,5.08870594765066,6.851085830926419,False,5.21,14.13
Wheat,09/01/2024,5.863758848300727,5.022383486907537,6.732750306604114,False,5.21,12.55
Wheat,10/01/2024,5.746834019836921,4.842858834563208,6.622007725817636,False,5.21,10.3
Wheat,11/01/2024,5.722729450116291,4.825422458198028,6.551858858295366,False,5.21,9.84
Wheat,12/01/2024,5.572640718660634,4.6418452904036895,6.470714354792556,False,5.21,6.96
Wheat,01/01/2025,5.702880691702389,4.805691804366294,6.57040254887334,True,5.21,9.46
Wheat,02/01/2025,6.0560847934130155,5.1503783354882575,6.930051155473986,True,5.21,16.24
Wheat,03/01/2025,5.570605520001178,4.679734300904243,6.438154525134008,True,5.21,6.92
Wheat,04/01/2025,5.557819603926084,4.624963739461683,6.405858100776823,True,5.21,6.68
Wheat,05/01/2025,5.554669253062292,4.680501922744059,6.381309062457493,True,5.21,6.62
Wheat,06/01/2025,5.384028693832837,4.423753026777194,6.284131375750958,True,5.21,3.34
